0,????,O,
0,???????,B-CD,
0,???????,O,
0,?????????,B-CD,
0,???????????????,I-CD,
0,??????,I-CD,
0,?,O,
1,?????????,B-DS,
1,??????????????????,I-DS,
1,?????????,O,
1,????,O,
1,???????,O,
1,???,O,
1,?,O,
2,??????,B-DS,
2,?????????,I-DS,
2,?????????,O,
2,????,O,
2,?????????,O,
2,?,O,
3,??????????,B-CD,
3,?????,O,
3,????,O,
3,??????????????,O,
3,????????,B-DS,
3,??????????????,I-DS,
3,",",O,
3,????????,B-DS,
3,??????????????,I-DS,
3,?????????????,B-DS,
3,??????????????,I-DS,
3,",",O,
3,???????????,B-DS,
3,",",O,
3,?????????????,B-DS,
3,",",O,
3,?????????,B-DS,
3,??????????????,I-DS,
3,???,O,
3,?????????????,B-DS,
3,????????,I-DS,
3,???????,O,
3,??,O,
3,?,O,
4,??????????,B-CD,
4,??,O,
4,?????,O,
4,???,B-DS,
4,?????????,I-DS,
4,???????,O,
4,????????,O,
4,???,O,
4,??????,B-ANAT,
4,??????,O,
4,?????????,O,
4,??,O,
4,????,O,
4,???????,O,
4,???,O,
4,????,O,
4,??,O,
4,?,O,
5,???,B-DS,
5,???,I-DS,
5,???,I-DS,
5,",",O,
5,?????????,B-DS,
5,?????????????,I-DS,
5,",",O,
5,???????????,B-DS,
5,??????????,I-DS,
5,",",O,
5,???????,B-DS,
5,",",O,
5,??????????,B-DS,
5,?????,I-DS,
5,???,I-DS,
5,",",O,
5,????,O,
5,????,O,
5,?????,B-ANAT,
5,????????,B-DS,
5,????????????,I-DS,
5,",",O,
5,???,O,
5,??,O,
5,????????,O,
5,???????,B-DS,
5,",",O,
5,??????????,B-DS,
5,???,O,
5,?????????????,B-DS,
5,????,O,
5,????,O,
5,????,O,
5,?,O,
6,????,O,
6,??????,O,
6,????,O,
6,???????????,O,
6,:,O,
6,??????????,B-CD,
6,?????????,B-ANAT,
6,????????????,B-CD,
6,??????,O,
6,?????,O,
6,???,O,
6,?,O,
7,??????????,B-CD,
7,??????????,B-CD,
7,",",O,
7,?????????,B-CD,
7,???,O,
7,?????????,B-CD,
7,??,O,
7,???????????,O,
7,??????,O,
7,???,O,
7,?,O,
8,?????????,B-ANAT,
8,?????????,B-CD,
8,??????,I-CD,
8,???,O,
8,?????????,B-CD,
8,??,O,
8,??????,O,
8,??????,O,
8,????,O,
8,???,O,
8,?,O,
9,??????????,B-CD,
9,????,O,
9,????????,B-CD,
9,??????????,I-CD,
9,????,O,
9,?,O,
10,?????????,O,
10,???????,B-DS,
10,?????????,I-DS,
10,????????,O,
10,???????,O,
10,???,O,
10,??,O,
10,?,O,
11,??????????,B-CD,
11,???????,O,
11,?????,B-DS,
11,????????,I-DS,
11,?????,O,
11,????,O,
11,????,O,
11,???????,O,
11,???,O,
11,??,O,
11,?,O,
12,??????????,B-CD,
12,????,O,
12,????,O,
12,????????,O,
12,???????,O,
12,?,O,
13,??????????,B-CD,
13,??????????,O,
13,??,O,
13,????????,O,
13,????????,O,
13,???,O,
13,???,O,
13,?????,O,
13,?????,O,
13,??????,O,
13,???,O,
13,????,O,
13,???,O,
13,?????,O,
13,?,O,
14,????,O,
14,????,O,
14,????????????,B-CD,
14,????????????,O,
14,??,O,
14,????,O,
14,??????,O,
14,??,O,
14,??????,O,
14,?????,O,
14,???-??????????,B-ANAT,
14,??????,I-ANAT,
14,??????,I-ANAT,
14,??????,O,
14,99,O,
14,.,O,
14,8%,O,
14,?????,O,
14,???,O,
14,?,O,
15,??????????,B-CD,
15,?????????????,B-DS,
15,????????,O,
15,????????,O,
15,???,O,
15,??,O,
15,???????,O,
15,????????,O,
15,????,O,
15,??????????,O,
15,??????,O,
15,??,O,
15,?,O,
16,???,B-ANAT,
16,?????,I-ANAT,
16,???????????,B-DS,
16,???????,B-DS,
16,????,O,
16,???,O,
16,??????????,B-CD,
16,??????,O,
16,????,O,
16,??,O,
16,??????,O,
16,?????,O,
16,???,B-ANAT,
16,?????,I-ANAT,
16,????????,O,
16,??????,O,
16,?,O,
16,",",O,
16,?,O,
16,???,O,
16,???????,O,
16,???,O,
16,???,O,
16,?,O,
17,??????????,B-CD,
17,????????,O,
17,???,O,
17,?????,O,
17,????????,O,
17,????,O,
17,????,O,
17,???,O,
17,?????????,O,
17,??????,O,
17,???,O,
17,??,O,
17,?,O,
18,?????,B-DS,
18,-??,O,
18,???????,O,
18,?????,O,
18,??,O,
18,??????,O,
18,???????????,O,
18,????,O,
18,??????,O,
18,????,O,
18,?,O,
19,??,O,
19,???,O,
19,?????,B-ANAT,
19,???????,I-ANAT,
19,????????,O,
19,?????????,O,
19,???????,O,
19,????,O,
19,???,O,
19,???,O,
19,?????,O,
19,?????????????????,O,
19,???,O,
19,???,O,
19,???????,O,
19,???????,O,
19,????,O,
19,????????,O,
19,???,O,
19,?,O,
20,????,B-DS,
20,?????,I-DS,
20,",",O,
20,????,B-DS,
20,????,I-DS,
20,",",O,
20,????,B-DS,
20,?????,I-DS,
20,",",O,
20,????,B-ANAT,
20,",",O,
20,???,B-ANAT,
20,??,O,
20,????????,B-DS,
20,??????,I-DS,
20,?????,B-DS,
20,??????????,I-DS,
20,???,B-DS,
20,???,I-DS,
20,???,I-DS,
20,??,O,
20,?????????,B-DS,
20,???,O,
20,????,O,
20,?,O,
21,???,O,
21,??????????????,B-DS,
21,??,O,
21,????????,O,
21,???,O,
21,???,O,
21,???,O,
21,?????????,O,
21,?????,O,
21,?,O,
21,?????,O,
21,?????,O,
21,????????,B-DS,
21,?????,I-DS,
21,",",O,
21,?????,B-DS,
21,???????,I-DS,
21,??,I-DS,
21,????,I-DS,
21,???????,I-DS,
21,????,I-DS,
21,?????,O,
21,",",O,
21,?????,B-DS,
21,????,I-DS,
21,",",O,
21,??????,B-DS,
21,",",O,
21,?????,B-DS,
21,",",O,
21,????????,B-DS,
21,??,O,
21,?????????,O,
21,????,O,
21,??????,O,
21,???,O,
21,????,O,
21,????????????,O,
21,????,O,
21,????,O,
21,????,O,
21,????,O,
21,???????,B-DS,
21,",",O,
21,????????,B-DS,
21,???,O,
21,????,B-DS,
21,?,O,
22,??,O,
22,??????,O,
22,????,O,
22,?????????????,O,
22,????,O,
22,????,O,
22,???,O,
22,???????,O,
22,??????,O,
22,?????,O,
22,??????,O,
22,:,O,
22,???????????,B-CD,
22,",",O,
22,????????????,B-CD,
22,",",O,
22,??????????,B-CD,
22,",",O,
22,??????????????????,B-CD,
22,",",O,
22,???????????,B-CD,
22,",",O,
22,?????????,B-CD,
22,",",O,
22,????????,B-CD,
22,??????????,I-CD,
22,",",O,
22,???????,B-CD,
22,",",O,
22,??????????,B-CD,
22,???????,I-CD,
22,?,O,
23,??????????,B-CD,
23,????,O,
23,????,O,
23,??,O,
23,???????,O,
23,?????????,O,
23,?????????????????,B-CD,
23,?,O,
24,??????????,B-CD,
24,??????,B-DS,
24,???,O,
24,????????,B-DS,
24,?????????,O,
24,????,O,
24,???,O,
24,?????????,B-DS,
24,?????????,I-DS,
24,???????????,I-DS,
24,??????????,O,
24,???????????,O,
24,???????,O,
24,???,O,
24,?,O,
25,??????????,B-CD,
25,???????????,B-DS,
25,????,O,
25,????????????,O,
25,???,O,
25,??????????,B-DS,
25,????????????,O,
25,????????,O,
25,???????,O,
25,??,O,
25,?,O,
26,??,O,
26,??????,O,
26,?????????????,O,
26,??????????,B-DS,
26,",",O,
26,????????,B-DS,
26,???,O,
26,????????,O,
26,????????,O,
26,???????,B-DS,
26,???????,I-DS,
26,????????,O,
26,?????????,O,
26,?,O,
27,?????,B-DS,
27,???????,I-DS,
27,??????????,O,
27,????????,O,
27,?,O,
27,???,O,
27,???????,O,
27,???,O,
27,??,O,
27,?,O,
28,????????,O,
28,????????,O,
28,?????,O,
28,??????????,B-CD,
28,??????,O,
28,?????,O,
28,????,O,
28,??????,O,
28,????,O,
28,?,O,
29,????,O,
29,???????,O,
29,??????????????????,O,
29,?????,O,
29,?????????,B-DS,
29,?,O,
30,??,O,
30,???????,O,
30,??????????????????????,O,
30,?????-,O,
30,??????,B-DS,
30,??????,I-DS,
30,",",O,
30,????????,B-DS,
30,???????,I-DS,
30,????????,I-DS,
30,",",O,
30,????????,B-DS,
30,",",O,
30,???????,B-DS,
30,?????,I-DS,
30,?????,O,
30,",",O,
30,?????????,B-DS,
30,",",O,
30,??????,B-DS,
30,??????,I-DS,
30,",",O,
30,????????,B-DS,
30,????,I-DS,
30,?????,I-DS,
30,",",O,
30,????,B-DS,
30,????,I-DS,
30,?????,I-DS,
30,",",O,
30,????,O,
30,????????,O,
30,????,B-DS,
30,??,I-DS,
30,?????,I-DS,
30,",",O,
30,??????????,B-DS,
30,?????????,I-DS,
30,????,O,
30,????,O,
30,???,O,
30,?????,O,
30,?????,O,
30,????????,B-DS,
30,????,I-DS,
30,???,I-DS,
30,",",O,
30,???????,B-DS,
30,",",O,
30,????????,B-DS,
30,???,O,
30,???,B-DS,
30,??,I-DS,
30,?????,I-DS,
30,????,I-DS,
30,???,I-DS,
30,?????,I-DS,
30,?,O,
31,??????????,B-CD,
31,????,O,
31,??????????,O,
31,??????,O,
31,???,O,
31,????,O,
31,:,O,
31,????-,O,
31,???,B-DS,
31,????,I-DS,
31,????,I-DS,
31,??,O,
31,?????????,B-DS,
31,???????,I-DS,
31,",",O,
31,???????,B-DS,
31,",",O,
31,??????,B-DS,
31,??,I-DS,
31,",",O,
31,?????,B-DS,
31,??????,I-DS,
31,",",O,
31,????????,B-DS,
31,???,I-DS,
31,??,O,
31,???,B-DS,
31,???,O,
31,????,O,
31,?,O,
32,??????????,B-CD,
32,???????????,O,
32,???????????,O,
32,??????,O,
32,????,O,
32,????,O,
32,:,O,
32,??,O,
32,????,O,
32,?????,O,
32,????,O,
32,?????????,O,
32,????????,O,
32,???,O,
32,????,O,
32,?,O,
33,???,O,
33,??????????,B-CD,
33,????,O,
33,??????,O,
33,????,O,
33,?????,O,
33,???,O,
33,??,O,
33,????????,O,
33,???????????,O,
33,?????,O,
33,",",O,
33,????,O,
33,????,O,
33,?????????,O,
33,???,O,
33,????,O,
33,?,O,
34,?????,O,
34,?????????,O,
34,????,O,
34,???????,O,
34,??????????,B-CD,
34,???????,O,
34,????,O,
34,?????????,O,
34,???????,O,
34,?????,O,
34,???,O,
34,????,O,
34,:,O,
34,??????????????,B-CD,
34,????-,O,
34,????????????????,B-CD,
34,",",O,
34,??????????,B-CD,
34,???????????,O,
34,?????????,O,
34,????-,O,
34,?????????,B-CD,
34,???,O,
34,???????,B-CD,
34,",",O,
34,?????,O,
34,????,O,
34,????-,O,
34,????????????,B-CD,
34,",",O,
34,???????????,B-CD,
34,",",O,
34,?????????,B-CD,
34,??,O,
34,???????????,B-CD,
34,?,O,
35,??????????????,B-CD,
35,??,O,
35,???????,B-CD,
35,???????,I-CD,
35,?????,O,
35,??,O,
35,???????,O,
35,??????????,O,
35,?????,O,
35,???,O,
35,?,O,
36,????????????????,B-CD,
36,?????,O,
36,????????????????,B-CD,
36,????????-????????,I-CD,
36,??????,I-CD,
36,??????,O,
36,???,O,
36,??,O,
36,?,O,
37,???,O,
37,??????????????,B-CD,
37,???????????????,I-CD,
37,??????,O,
37,??????,O,
37,?????,O,
37,???,O,
37,?,O,
38,??????????,B-DS,
38,????????,I-DS,
38,??,O,
38,???????????,O,
38,????????,O,
38,???,O,
38,???????,O,
38,???,O,
38,??,O,
38,?,O,
39,?????,B-DS,
39,????????,I-DS,
39,",",O,
39,?????,B-DS,
39,?????,I-DS,
39,???????,I-DS,
39,????????,O,
39,???????,O,
39,???,O,
39,????,O,
39,??,O,
39,?,O,
40,??????????????,B-DS,
40,??????,I-DS,
40,????,O,
40,????,O,
40,????,O,
40,??,O,
40,???????,O,
40,????,O,
40,?,O,
41,????????,B-CD,
41,????,O,
41,?????,B-CD,
41,?????????,O,
41,?,O,
42,??????,O,
42,????,O,
42,????????,B-DS,
42,?????,I-DS,
42,?????????,O,
42,????,O,
42,???????,O,
42,?,O,
43,????????,B-CD,
43,????,O,
43,????,O,
43,???????,O,
43,???,O,
43,???????,O,
43,???,O,
43,???????,B-CD,
43,????,O,
43,????,O,
43,??????,O,
43,?,O,
44,??????,O,
44,???,O,
44,????????,B-CD,
44,???????????????,I-CD,
44,??????,O,
44,?????,O,
44,???,O,
44,?,O,
45,??????,O,
45,????,O,
45,?????,B-DS,
45,?????????,I-DS,
45,???????????,O,
45,???????????,O,
45,???????,O,
45,???,O,
45,????,O,
45,?,O,
46,??????????,O,
46,???????,O,
46,?????,B-DS,
46,",",O,
46,????,B-DS,
46,?,I-DS,
46,????????,I-DS,
46,?????,I-DS,
46,",",O,
46,???????????,B-DS,
46,?????,I-DS,
46,",",O,
46,???,B-DS,
46,?,I-DS,
46,?????,I-DS,
46,?????,I-DS,
46,??????????,B-DS,
46,?????,I-DS,
46,",",O,
46,?????????????,B-DS,
46,??,O,
46,??????????,O,
46,?????,B-DS,
46,????????,O,
46,???????,O,
46,???,O,
46,????,O,
46,?,O,
47,??????????,B-CD,
47,?????,O,
47,???,O,
47,?????????,O,
47,???????,O,
47,????????,O,
47,???,O,
47,???????,O,
47,???,O,
47,????,O,
47,??,O,
47,?,O,
48,?,O,
48,?????,O,
48,??????,B-DS,
48,????,I-DS,
48,?????????,I-DS,
48,",",O,
48,????????,B-DS,
48,",",O,
48,?????????????,O,
48,???????,O,
48,?????????,O,
48,????,O,
48,",",O,
48,?????,B-CD,
48,????,O,
48,????????????,B-CD,
48,????,O,
48,??????,O,
48,?????,O,
48,????????,B-CD,
48,???????,O,
48,???,O,
48,????,O,
48,??,O,
48,?,O,
49,???,O,
49,???,O,
49,???????,O,
49,????,O,
49,????,O,
49,????????,O,
49,????,O,
49,????????,B-CD,
49,????,O,
49,???????,O,
49,???????,O,
49,???,O,
49,??,O,
49,???,O,
49,?????-??????????,O,
49,???,O,
49,???,O,
49,????,O,
49,????,O,
49,?,O,
50,?????,B-CD,
50,????,O,
50,??????,O,
50,???,O,
50,?????????,O,
50,???????,O,
50,????????,O,
50,????????,B-CD,
50,?????????,O,
50,??,O,
50,?,O,
51,??????,O,
51,???????,O,
51,????????????,O,
51,?????,O,
51,?????,O,
51,????,B-DS,
51,????,I-DS,
51,",",O,
51,???,B-DS,
51,???,I-DS,
51,???,I-DS,
51,",",O,
51,??????????????,B-DS,
51,",",O,
51,????,B-DS,
51,?????,I-DS,
51,",",O,
51,????????,B-DS,
51,",",O,
51,???,B-DS,
51,????,O,
51,",",O,
51,???????,B-DS,
51,",",O,
51,?????????,B-DS,
51,????????,I-DS,
51,",",O,
51,????????,B-DS,
51,???????,O,
51,?,O,
52,??????,O,
52,??????,O,
52,???????????????,O,
52,?????-,O,
52,??????,O,
52,???,O,
52,????,O,
52,",",O,
52,???????,B-DS,
52,????????,I-DS,
52,",",O,
52,????????,B-DS,
52,",",O,
52,?????????,B-DS,
52,???????,I-DS,
52,",",O,
52,????,B-DS,
52,?????,I-DS,
52,",",O,
52,???????????,B-DS,
52,???????,O,
52,?,O,
53,??????????,O,
53,??????????,B-CD,
53,????,O,
53,????,O,
53,??????,O,
53,?????????,O,
53,????????,O,
53,????,O,
53,???????,O,
53,???????,O,
53,????,O,
53,????,O,
53,???????,O,
53,???,O,
53,?,O,
54,????????,B-CD,
54,????????,I-CD,
54,?????????-?,I-CD,
54,???????,O,
54,????,O,
54,??,O,
54,??????????,B-CD,
54,????,O,
54,?????????,O,
54,????,O,
54,?????????,O,
54,??,O,
54,?,O,
55,?????????????,B-CD,
55,?,O,
55,????????,B-CD,
55,??????,O,
55,???????,O,
55,????,O,
55,??????????,B-CD,
55,???????????,O,
55,???????????,O,
55,??????,O,
55,??????,O,
55,????,O,
55,????,O,
55,???,O,
55,???,O,
55,??????????,B-CD,
55,??????,O,
55,??????,O,
55,????,O,
55,???????,O,
55,???,O,
55,????,O,
55,?,O,
56,???????????,O,
56,??????????,B-CD,
56,?????????,O,
56,?????????,O,
56,????,O,
56,??????????,O,
56,????,O,
56,?,O,
57,????????,B-CD,
57,??????????,B-ANAT,
57,???,O,
57,????,O,
57,????,O,
57,",",O,
57,??????,O,
57,??????,O,
57,?????????,O,
57,??,O,
57,???,O,
57,???????????,O,
57,????????,B-CD,
57,???????,O,
57,??,O,
57,????,O,
57,?????,O,
57,?,O,
58,??????????,B-ANAT,
58,??????,O,
58,??,O,
58,???,O,
58,????????????,O,
58,???????,O,
58,????????,B-CD,
58,???????????????,I-CD,
58,?????,O,
58,???,O,
58,????,O,
58,??,O,
58,?,O,
59,????,O,
59,????????????????,B-CD,
59,????,O,
59,??,O,
59,??????,B-DS,
59,???,O,
59,?????????,B-DS,
59,?????,O,
59,?????,O,
59,????,O,
59,???????,O,
59,???,O,
59,?,O,
60,???,O,
60,??????????????,B-CD,
60,???????,O,
60,????????????????,B-CD,
60,????,O,
60,?,O,
61,?????????????????,B-DS,
61,(,O,
61,???????,B-DS,
61,???????,I-DS,
61,",",O,
61,?????????????,B-DS,
61,?????????,I-DS,
61,????,O,
61,??????,O,
61,?????????,B-ANAT,
61,?????,I-ANAT,
61,???,O,
61,),O,
61,??,O,
61,??????,O,
61,???,O,
61,",",O,
61,????,O,
61,???????,O,
61,?????????????????,B-DS,
61,??????,O,
61,??,O,
61,????????,O,
61,?????????,O,
61,?,O,
62,???,O,
62,?????????,O,
62,??????,O,
62,?????????????,B-DS,
62,?????????,I-DS,
62,???,O,
62,?????????,B-DS,
62,??,O,
62,????????-???????,B-DS,
62,?????????????,I-DS,
62,???????,O,
62,??,O,
62,?,O,
63,????,O,
63,????????,O,
63,???????,O,
63,???,O,
63,????,O,
63,??,O,
63,",",O,
63,??????????????,B-DS,
63,???,O,
63,????????,B-DS,
63,??,I-DS,
63,???????,I-DS,
63,??,I-DS,
63,????,O,
63,????????????????,B-DS,
63,???????????,I-DS,
63,??????????,I-DS,
63,?,O,
64,?????????,B-DS,
64,",",O,
64,????,B-DS,
64,???????????,I-DS,
64,",",O,
64,???,B-DS,
64,???,I-DS,
64,???,I-DS,
64,",",O,
64,???,B-DS,
64,",",O,
64,???????,B-DS,
64,",",O,
64,????,B-DS,
64,??????,B-DS,
64,",",O,
64,????,B-DS,
64,????????,I-DS,
64,???,O,
64,",",O,
64,????????,B-DS,
64,",",O,
64,?????????????,B-DS,
64,",",O,
64,??????,B-DS,
64,",",O,
64,???????,B-DS,
64,",",O,
64,?????,B-ANAT,
64,???,O,
64,????,B-ANAT,
64,?????????,O,
64,??????,O,
64,",",O,
64,?????????????,B-DS,
64,???????,O,
64,???,O,
64,????,O,
64,?,O,
65,????,O,
65,??????,O,
65,????,O,
65,???????????,O,
65,:,O,
65,??????????,B-CD,
65,",",O,
65,?????????,B-CD,
65,?,O,
66,???????????,B-CD,
66,????,O,
66,???????????????????,B-CD,
66,???????,O,
66,????????????????,B-CD,
66,??,O,
66,????????????,B-DS,
66,?????????,I-DS,
66,????????,O,
66,???????,O,
66,???,O,
66,?,O,
67,???,O,
67,??????,B-DS,
67,???????????,I-DS,
67,????????????,I-DS,
67,????????,O,
67,?????,O,
67,???????,O,
67,???,O,
67,?,O,
68,???,O,
68,????,O,
68,??,O,
68,?????,O,
68,???????,O,
68,??????,O,
68,???????,O,
68,???,O,
68,?,O,
69,???????,O,
69,??????,B-ANAT,
69,???????,O,
69,???,O,
69,????????,O,
69,???????????????????,B-CD,
69,??????????????????,I-CD,
69,???,O,
69,????????????,B-CD,
69,??????????,B-DS,
69,?????,I-DS,
69,",",O,
69,????????????,B-DS,
69,??????,I-DS,
69,???,O,
69,??????,B-ANAT,
69,???????,O,
69,????,O,
69,???,O,
69,????,O,
69,?,O,
70,????????????,B-CD,
70,?????,O,
70,?????????,O,
70,?????-???????,O,
70,???????????,O,
70,??????,O,
70,?????,O,
70,?????,B-DS,
70,?????????,I-DS,
70,????????,O,
70,??????????,B-CD,
70,?????????,O,
70,????,O,
70,????????????,B-DS,
70,",",O,
70,?????????????,B-DS,
70,?????,I-DS,
70,???????,I-DS,
70,",",O,
70,?????,O,
70,?,O,
70,?????,B-DS,
70,??????,I-DS,
70,???????,I-DS,
70,",",O,
70,?????????,B-DS,
70,??????????????,I-DS,
70,???????,I-DS,
70,",",O,
70,????????????,B-DS,
70,",",O,
70,????,B-DS,
70,????,I-DS,
70,???????,I-DS,
70,",",O,
70,?????,B-DS,
70,??????????,I-DS,
70,???????,I-DS,
70,???,O,
70,?????,B-DS,
70,????????,I-DS,
70,??,O,
70,?????-????????,B-DS,
70,?????????,I-DS,
70,????????,O,
70,?,O,
71,????????????,B-CD,
71,??,O,
71,???????????,B-CD,
71,????????????,B-CD,
71,?????-,O,
71,???????,O,
71,???????????,O,
71,????,O,
71,?????????,O,
71,???????,O,
71,",",O,
71,?????????????,O,
71,??????????,O,
71,",",O,
71,????????,O,
71,??????????,O,
71,???,O,
71,??????????,O,
71,?????????,O,
71,?????,O,
71,????????,O,
71,??????????,B-CD,
71,?????????,O,
71,?,O,
72,??????,O,
72,??????????,B-CD,
72,????????????????,B-DS,
72,?????????,I-DS,
72,???????,O,
72,????,O,
72,??????,O,
72,?,O,
73,??????????,B-CD,
73,?????????,O,
73,???,O,
73,??,O,
73,?????,O,
73,??????????????????,O,
73,????,O,
73,???,O,
73,??????,O,
73,?????,O,
73,???????,B-DS,
73,",",O,
73,????,B-DS,
73,????,I-DS,
73,",",O,
73,????,B-DS,
73,????,O,
73,",",O,
73,?????,B-DS,
73,??????,I-DS,
73,",",O,
73,????,B-DS,
73,?????,I-DS,
73,",",O,
73,?????????????,B-DS,
73,",",O,
73,??????,B-DS,
73,???,O,
73,???,B-DS,
73,?,O,
74,??????????,B-CD,
74,????,O,
74,?,O,
74,??????,O,
74,??,O,
74,???,O,
74,????????,O,
74,?????,O,
74,???,O,
74,?????????,O,
74,???????,O,
74,????????,O,
74,???,O,
74,??????????????,O,
74,?,O,
75,???????????,O,
75,?,O,
75,?????????????,O,
75,???????,O,
75,:,O,
75,??????????,B-CD,
75,???,O,
75,?????,O,
75,??????????,B-ANAT,
75,???????,O,
75,???,O,
75,??,O,
75,??????,O,
75,???????????????,B-ANAT,
75,?,O,
75,????????,B-ANAT,
75,???????,I-ANAT,
75,??????,O,
75,???,O,
75,??????,O,
75,?????,O,
75,??????,O,
75,????????,O,
75,?????,O,
75,????,O,
75,????,O,
75,?,O,
76,?????????????,B-CD,
76,????,O,
76,???????,O,
76,?????????,O,
76,???????????,B-CD,
76,??????,I-CD,
76,?,O,
77,???,O,
77,???????,O,
77,???????,O,
77,??????????????????,O,
77,??????????,O,
77,??????,O,
77,???,O,
77,???,O,
77,??,B-DS,
77,?????,O,
77,??,O,
77,???,O,
77,?????,B-DS,
77,???????,O,
77,?????,O,
77,??,B-DS,
77,??????,O,
77,???,O,
77,?,O,
78,????????????,B-CD,
78,????????,O,
78,????,B-DS,
78,???????,O,
78,????,O,
78,???????,O,
78,??????,O,
78,??????,O,
78,???????,O,
78,???,O,
78,???,O,
78,?,O,
79,?????????????,B-CD,
79,?????,O,
79,",",O,
79,????????,O,
79,",",O,
79,??????????,O,
79,",",O,
79,?????,O,
79,??????,O,
79,",",O,
79,?????,O,
79,",",O,
79,????????,O,
79,??????,O,
79,",",O,
79,?????,O,
79,???,O,
79,??????????,O,
79,????????,O,
79,???????????,O,
79,????????,O,
79,??????,O,
79,?????,O,
79,?????,O,
79,???,O,
79,?,O,
80,??????,O,
80,???,O,
80,?????????????,B-CD,
80,???????????????,I-CD,
80,??????,O,
80,?????,O,
80,???,O,
80,?,O,
81,???????????,B-DS,
81,????,I-DS,
81,",",O,
81,?????????????,B-ANAT,
81,???????????,B-DS,
81,?????,I-DS,
81,?,I-DS,
81,???????????,I-DS,
81,??????,I-DS,
81,",",O,
81,?????,B-DS,
81,???????????,I-DS,
81,????????,I-DS,
81,???????????,I-DS,
81,??????,I-DS,
81,",",O,
81,??????????????,B-DS,
81,",",O,
81,??????????????,B-DS,
81,",",O,
81,???????????,B-DS,
81,???,O,
81,?????????,B-DS,
81,",",O,
81,???????????,B-DS,
81,??????????,I-DS,
81,???????????,I-DS,
81,",",O,
81,??????????,B-DS,
81,???????,I-DS,
81,",",O,
81,????????????????,B-DS,
81,",",O,
81,???????????,O,
81,?????????,B-DS,
81,????????,O,
81,???????,O,
81,???,O,
81,????,O,
81,?,O,
82,???????????,B-DS,
82,?,O,
82,????????,B-ANAT,
82,???????,B-DS,
82,???????,O,
82,???,O,
82,????????,B-DS,
82,???????,O,
82,?????????,O,
82,????,O,
82,????,O,
82,????,O,
82,?,O,
83,????,O,
83,????,O,
83,????????,O,
83,?????????,B-DS,
83,??????,I-DS,
83,????,O,
83,????,O,
83,????,O,
83,?,O,
84,??????????,B-CD,
84,??,O,
84,??,O,
84,???????????,O,
84,??????,O,
84,(,O,
84,????,O,
84,??????,B-CD,
84,),O,
84,????,O,
84,?????,O,
84,???,O,
84,????,O,
84,??,O,
84,?,O,
85,?????????,B-CD,
85,???,O,
85,????????,O,
85,?????????,O,
85,?????????????????,B-CD,
85,?,O,
85,H1,O,
85,????????,O,
85,??????????????,O,
85,??,O,
85,??????????,B-DS,
85,",",O,
85,????????????,B-DS,
85,",",O,
85,??,B-DS,
85,?????,I-DS,
85,",",O,
85,????????????,B-DS,
85,????????,O,
85,?????????,O,
85,???????,O,
85,???,O,
85,?,O,
86,???,O,
86,???????????????,B-CD,
86,??????,O,
86,?????????,O,
86,?,O,
87,???,O,
87,??????,O,
87,?????????,B-CD,
87,???????????????,I-CD,
87,?????,O,
87,?????,O,
87,???,O,
87,?,O,
88,?????,O,
88,?????????,O,
88,???????????????????,B-CD,
88,???????,O,
88,????????,O,
88,?????????,O,
88,?????????????????,B-CD,
88,???,O,
88,????,O,
88,???????,O,
88,?????,B-DS,
88,??????,I-DS,
88,??????????,I-DS,
88,??,O,
88,???????,O,
88,????,O,
88,????,O,
88,???,O,
88,??????????,B-ANAT,
88,???????????????,I-ANAT,
88,???,O,
88,??,O,
88,??????,O,
88,??,O,
88,???,O,
88,??????,O,
88,",",O,
88,?????,O,
88,??????,B-DS,
88,??,O,
88,???,O,
88,?,O,
89,??????,B-DS,
89,????????,I-DS,
89,?????????,I-DS,
89,",",O,
89,?????????,B-DS,
89,????????,I-DS,
89,?????????,I-DS,
89,???,O,
89,??????,B-DS,
89,???????????,I-DS,
89,????????????,I-DS,
89,?????????,O,
89,?,O,
90,???,O,
90,???????????-?,B-CD,
90,???,O,
90,?????,O,
90,?????????,B-DS,
90,???,O,
90,???,O,
90,?,O,
91,?????????,B-CD,
91,?????,O,
91,??,O,
91,??,O,
91,????????,O,
91,?????????,O,
91,??,O,
91,????????,O,
91,??????,B-CD,
91,???????????,I-CD,
91,????,O,
91,?????,O,
91,????,O,
91,????,O,
91,????,O,
91,????,O,
91,?,O,
92,???????,O,
92,??????,O,
92,???,O,
92,???,O,
92,???,O,
92,?????????,O,
92,???,O,
92,????,O,
92,?,O,
93,???????,O,
93,????????,O,
93,????????,O,
93,????,O,
93,???????????,O,
93,??,O,
93,?????,O,
93,?????????,B-CD,
93,?????,O,
93,???,O,
93,????,O,
93,??,O,
93,?,O,
94,?????????,B-CD,
94,?????,B-ANAT,
94,?????,I-ANAT,
94,????,O,
94,??????,O,
94,??,O,
94,?,O,
95,?????????????,B-CD,
95,??,O,
95,???????????,B-CD,
95,????,O,
95,????????????????,O,
95,??,O,
95,???????,O,
95,?????,O,
95,????????????,O,
95,?????????,O,
95,?????????,O,
95,????,O,
95,???????,O,
95,???,O,
95,?,O,
96,??,O,
96,??????,O,
96,?????????????,O,
96,??????,O,
96,????,O,
96,????,O,
96,???????,O,
96,???,O,
96,???,O,
96,????,O,
96,?,O,
97,???,O,
97,????????????,O,
97,???,O,
97,????,O,
97,?????????,O,
97,????,O,
97,????,O,
97,???,O,
97,?,O,
98,????,O,
98,????????,O,
98,?????????,O,
98,",",O,
98,?????,O,
98,???????,O,
98,??????,O,
98,??????,O,
98,??????,O,
98,??????????,O,
98,????????,O,
98,?????????????,B-CD,
98,???????,O,
98,???,O,
98,????,O,
98,????,O,
98,?,O,
99,??????????,B-DS,
99,?????????,I-DS,
99,????????,O,
99,???????????????,B-CD,
99,",",O,
99,?????????,B-DS,
99,???,O,
99,???????????,B-DS,
99,???????????,O,
99,???????,O,
99,???,O,
99,?,O,
100,???????,B-DS,
100,",",O,
100,?????,B-DS,
100,???????????,I-DS,
100,????,O,
100,?????????,B-DS,
100,?????????,I-DS,
100,????????,O,
100,???????,O,
100,???,O,
100,?,O,
101,?????????,B-DS,
101,",",O,
101,??????????,B-DS,
101,",",O,
101,???????,B-DS,
101,?????????,I-DS,
101,???????,O,
101,?????????????,B-DS,
101,???????,I-DS,
101,?????,O,
101,???????,O,
101,???,O,
101,?,O,
102,???????????????,B-DS,
102,????,I-DS,
102,",",O,
102,?????,B-DS,
102,???,O,
102,?????,B-DS,
102,?????,I-DS,
102,???,O,
102,?????,O,
102,????,B-DS,
102,??,O,
102,????????,O,
102,???????,O,
102,???,O,
102,?,O,
103,??????,B-ANAT,
103,???????????,B-DS,
103,?????,I-DS,
103,",",O,
103,???????????????,B-DS,
103,???,O,
103,??????,B-ANAT,
103,??????????,B-DS,
103,????????,O,
103,???????,O,
103,???,O,
103,?,O,
104,?-????,O,
104,",",O,
104,???????????,O,
104,?????????,O,
104,",",O,
104,??????????,O,
104,?????????,O,
104,",",O,
104,?????????,O,
104,?????????,O,
104,",",O,
104,????????,O,
104,?????????,O,
104,???,O,
104,???????????????,O,
104,???????,O,
104,???????,O,
104,??????,O,
104,???????,O,
104,????????????,B-DS,
104,????????,O,
104,???????,O,
104,???,O,
104,?,O,
105,???????????????,B-CD,
105,",",O,
105,??????,B-DS,
105,?????????,B-DS,
105,????????,O,
105,???????,O,
105,???,O,
105,?,O,
106,?????????????,B-CD,
106,?????????????,O,
106,???,O,
106,????????,O,
106,??????,O,
106,??????,O,
106,????,O,
106,???????,B-DS,
106,??????????,O,
106,??????,O,
106,????,O,
106,??????,O,
106,???????,O,
106,?,O,
107,??????????,B-DS,
107,???????,I-DS,
107,?,O,
107,????????,O,
107,????,O,
107,???????,O,
107,????????,O,
107,?????????????,B-CD,
107,???,O,
107,?????????????????,B-CD,
107,??????,O,
107,???????,O,
107,????,O,
107,????????????,B-CD,
107,??,O,
107,?????,O,
107,???,O,
107,?,O,
108,?????????????,B-CD,
108,????,O,
108,??,O,
108,???,O,
108,??????,O,
108,??,O,
108,?????,O,
108,????????????,O,
108,???????,O,
108,????????,O,
108,???,O,
108,??????????????,O,
108,?,O,
109,?????????????,B-CD,
109,???????,O,
109,???????,O,
109,?,O,
110,???????????,B-DS,
110,",",O,
110,?????????????,B-DS,
110,",",O,
110,??????????,B-DS,
110,",",O,
110,??????????????,B-DS,
110,????????,O,
110,???????,O,
110,???????????,O,
110,????,O,
110,?????,O,
110,??????,O,
110,?,O,
111,??????,B-DS,
111,",",O,
111,?????????,B-DS,
111,",",O,
111,????????,B-DS,
111,",",O,
111,???????,B-DS,
111,",",O,
111,???????????,B-DS,
111,",",O,
111,???????,B-DS,
111,",",O,
111,???????????,B-DS,
111,",",O,
111,??????????,B-DS,
111,????????????,B-DS,
111,",",O,
111,??????,B-DS,
111,?????????,I-DS,
111,?????????????,I-DS,
111,",",O,
111,?????????????,B-DS,
111,?????????????,I-DS,
111,???????,O,
111,???????????,O,
111,????,O,
111,?????,O,
111,??????,O,
111,?,O,
112,???????????,B-DS,
112,",",O,
112,???????????????,O,
112,????????,O,
112,?????????????????,O,
112,???,O,
112,??????,O,
112,",",O,
112,???????????????,B-DS,
112,",",O,
112,??????????????????,B-DS,
112,",",O,
112,?????????????,B-DS,
112,",",O,
112,?????????????,B-DS,
112,",",O,
112,??????????,B-DS,
112,",",O,
112,??????????????,B-DS,
112,???????,O,
112,???????????,O,
112,????,O,
112,?????,O,
112,??????,O,
112,?,O,
113,???????,O,
113,???????-???????,O,
113,???,O,
113,???????????,O,
113,????????,O,
113,??,O,
113,???????,O,
113,??????,O,
113,??????,O,
113,?,O,
114,???????,B-DS,
114,",",O,
114,???-??????,B-DS,
114,",",O,
114,???,B-DS,
114,",",O,
114,?????,B-ANAT,
114,??????????,B-DS,
114,???,I-DS,
114,",",O,
114,?????,B-DS,
114,?????,I-DS,
114,???,O,
114,???????,O,
114,????????,O,
114,???????,O,
114,???????????,O,
114,????,O,
114,?????,O,
114,??????,O,
114,?,O,
115,???????,O,
115,????????,O,
115,?????????,B-ANAT,
115,??????,O,
115,????,O,
115,????,O,
115,????,O,
115,?,O,
116,????,O,
116,??,O,
116,????????,O,
116,??-????????,B-DS,
116,????,I-DS,
116,???????,I-DS,
116,",",O,
116,???????????????,B-DS,
116,????????,I-DS,
116,????,O,
116,??????????????,B-ANAT,
116,?????????,B-DS,
116,????,O,
116,?????,O,
116,??????,O,
116,?,O,
117,?????,O,
117,??????????,O,
117,????????,O,
117,?????????????,B-CD,
117,???????,B-ANAT,
117,????????????,O,
117,????????,O,
117,????,O,
117,??,O,
117,?,O,
118,?????????,O,
118,????????,O,
118,??????,O,
118,???????????,B-DS,
118,???,O,
118,??????????,B-DS,
118,???,O,
118,????,O,
118,?,O,
119,????,B-CD,
119,?????????,I-CD,
119,????????,O,
119,??????,O,
119,??????,O,
119,???????????,B-DS,
119,???????,O,
119,?,O,
120,???????????,O,
120,????,O,
120,??,O,
120,????,O,
120,???,O,
120,?????????????,B-DS,
120,",",O,
120,??????????????,B-DS,
120,",",O,
120,??????????,B-DS,
120,",",O,
120,????,B-DS,
120,",",O,
120,????????,B-DS,
120,",",O,
120,???????????,B-DS,
120,",",O,
120,??????,B-DS,
120,",",O,
120,??????,B-DS,
120,",",O,
120,????????,B-DS,
120,",",O,
120,?????????,B-DS,
120,",",O,
120,????????,B-DS,
120,",",O,
120,?????????,B-DS,
120,",",O,
120,???????,B-DS,
120,???????????,I-DS,
120,",",O,
120,???????,B-DS,
120,????????,I-DS,
120,",",O,
120,????,B-DS,
120,??????,I-DS,
120,???,I-DS,
120,",",O,
120,????,B-DS,
120,",",O,
120,????????,B-DS,
120,",",O,
120,?????,B-DS,
120,???,O,
120,??????????,B-ANAT,
120,????,O,
120,????,O,
120,???????????,O,
120,????,O,
120,??,O,
120,????,O,
120,???,O,
120,?,O,
121,????,O,
121,??????,O,
121,????,O,
121,???????????,O,
121,:,O,
121,??????????,B-CD,
121,????,O,
121,???????????,B-CD,
121,?,O,
122,???????????,O,
122,?,O,
122,?????????????,O,
122,???????,O,
122,???????????,O,
122,???????????,O,
122,?????????-??,O,
122,?,O,
123,?????????????,B-CD,
123,??????????,B-ANAT,
123,???????,O,
123,???,O,
123,???????,O,
123,????,B-ANAT,
123,????????,I-ANAT,
123,??????,O,
123,???,O,
123,?,O,
124,???,O,
124,???????,B-ANAT,
124,??????,O,
124,??????,O,
124,?????,O,
124,????????,O,
124,????,O,
124,????????,O,
124,??????????,O,
124,????,O,
124,????,O,
124,?????????????,B-CD,
124,???????,O,
124,???,O,
124,????,O,
124,????,O,
124,?,O,
125,?????????????,O,
125,?????,O,
125,??????,O,
125,???????,O,
125,?????????????,B-CD,
125,??,O,
125,?????????,O,
125,?.??%,O,
125,??,O,
125,?,O,
125,??,O,
125,???????,O,
125,??????????,O,
125,??????,O,
125,??,O,
125,?,O,
126,???,O,
126,?????????????,B-CD,
126,?????????,O,
126,???,O,
126,?????????,O,
126,???,O,
126,????,O,
126,??????,O,
126,?????,O,
126,????,O,
126,???,O,
126,????,O,
126,?,O,
127,???????,O,
127,????????,O,
127,???????,O,
127,:,O,
127,?,O,
127,??????,O,
127,??,O,
127,???,O,
127,????,O,
127,????,O,
127,???????,O,
127,????????,O,
127,?????????????,B-CD,
127,?????????,O,
127,?,O,
128,?????????,O,
128,???????,B-ANAT,
128,??????,O,
128,???????,O,
128,???????,O,
128,????????,O,
128,????????????,B-CD,
128,????,I-CD,
128,?????????,O,
128,??????,O,
128,????,O,
128,???,O,
128,?,O,
129,???????,O,
129,??????????,O,
129,????????,O,
129,????????,O,
129,????,O,
129,???????,B-ANAT,
129,??????????,O,
129,???????,O,
129,????????,O,
129,?????????,O,
129,????????,O,
129,????,O,
129,?????,O,
129,?????,O,
129,?,O,
130,?????,O,
130,???????,O,
130,????????,O,
130,???????,O,
130,:,O,
130,????????,O,
130,????????,O,
130,???????,B-ANAT,
130,????????????,O,
130,???,O,
130,??????,O,
130,???,O,
130,??????,O,
130,????????,O,
130,????,O,
130,???,O,
130,?,O,
131,???????????,O,
131,???????????,O,
131,??,O,
131,???????,O,
131,???,O,
131,??????,O,
131,???,O,
131,?????????????,B-CD,
131,??,O,
131,??????,O,
131,??????,O,
131,???,O,
131,????,O,
131,????,O,
131,?,O,
132,?????????,B-CD,
132,?????,O,
132,????????,O,
132,?????????,O,
132,(,O,
132,???????,O,
132,????????,O,
132,),O,
132,???,B-CD,
132,????,I-CD,
132,?????????????????,I-CD,
132,?,O,
133,???,O,
133,???,O,
133,????,O,
133,??????,O,
133,????????,O,
133,;,O,
133,?????,O,
133,????,O,
133,??,O,
133,???????????,B-CD,
133,?????????????,I-CD,
133,??,O,
133,?????????,O,
133,???,O,
133,????????,O,
133,??,O,
133,???????,B-CD,
133,?????????,O,
133,???????,O,
133,???,O,
133,?,O,
134,???????????,O,
134,????????,O,
134,???,O,
134,???,O,
134,??????,O,
134,???,O,
134,??????????,O,
134,?,O,
134,????????????????,O,
134,????????,O,
134,????????,O,
134,???,O,
134,???,O,
134,?,O,
135,?????????,O,
135,???????,O,
135,????????-??,O,
135,??????,O,
135,????????,O,
135,??,O,
135,??????,O,
135,??????,O,
135,??????,O,
135,?,O,
136,?????????,O,
136,????????,O,
136,??????,O,
136,?????,O,
136,???,O,
136,?,O,
137,?????????,O,
137,?????????,O,
137,?????????,O,
137,????????,O,
137,???,O,
137,????????,O,
137,?????????,O,
137,?,O,
137,????????????????,O,
137,????????,O,
137,????????,O,
137,???????,O,
137,???,O,
137,??,O,
137,?,O,
138,???????,O,
138,?,O,
138,????,O,
138,????????,O,
138,???????,O,
138,???,O,
138,????,O,
138,??,O,
138,:,O,
138,????,O,
138,??????,O,
138,??????????????,O,
138,????????,O,
138,????,O,
138,?????,O,
138,?????,O,
138,???????????,O,
138,??????,O,
138,?????,O,
138,????,O,
138,????,O,
138,?,O,
139,???????????,O,
139,?,O,
139,?????????????,O,
139,?????,O,
139,????????,O,
139,??,O,
139,?,O,
140,?????,O,
140,??????,O,
140,????,O,
140,???????????,O,
140,?????????????,O,
140,????????,O,
140,?????,O,
140,????,O,
140,",",O,
140,???,O,
140,?????,O,
140,??????????,O,
140,??????,O,
140,????,O,
140,???????,O,
140,???,O,
140,?,O,
141,???,O,
141,??????????,O,
141,?????,O,
141,??????????????,O,
141,??,O,
141,?????,O,
141,?????,O,
141,????,O,
141,???????,O,
141,????,O,
141,??,O,
141,?,O,
142,???????,O,
142,???????????,O,
142,:,O,
142,?????????????,O,
142,",",O,
142,???,O,
142,???????,O,
142,",",O,
142,???,O,
142,??????,O,
142,",",O,
142,????????,O,
142,",",O,
142,???,O,
142,?????,O,
142,????,O,
142,?????,O,
142,???????,O,
142,???,O,
142,????,O,
142,????,O,
142,????,O,
142,????,O,
142,???,O,
142,????,O,
142,????,O,
142,????,O,
142,?,O,
143,??????????????,O,
143,:,O,
143,?????????,O,
143,????,O,
143,??,O,
143,?????,O,
143,????????,O,
143,?????,O,
143,??????????????,O,
143,?????,O,
143,?????,O,
143,????????,O,
143,??,O,
143,??????,O,
143,?????,O,
143,?????????,O,
143,?,O,
144,????????,O,
144,??????,O,
144,????,O,
144,???????????,O,
144,:,O,
144,?????,O,
144,??????,O,
144,????????,O,
144,???,O,
144,????,O,
144,?????,O,
144,??????,O,
144,????,O,
144,???????,O,
144,????,O,
144,??,O,
144,???,O,
144,????,O,
144,????,O,
144,????????,O,
144,???????,O,
144,?,O,
144,???????,O,
144,???????,O,
144,??????,O,
144,?????,O,
144,???,O,
144,?,O,
145,????????????,O,
145,????,O,
145,?????????????????,O,
145,??,O,
145,???????????,O,
145,?????,O,
145,?????,O,
145,???????,O,
145,???,O,
145,???,O,
145,???,O,
145,???,O,
145,????,O,
145,???????,O,
145,???,O,
145,???,O,
145,?,O,
146,????????,O,
146,?????,O,
146,???,O,
146,?????,O,
146,?????,O,
146,??????,O,
146,?????????,O,
146,????,O,
146,??,O,
146,??????,O,
146,???????,O,
146,???,O,
146,???,O,
146,??,O,
146,?,O,
147,???,O,
147,????????,O,
147,?????,O,
147,??????,O,
147,?????,O,
147,???,O,
147,????,O,
147,???,O,
147,???,O,
147,????,O,
147,??,O,
147,??,O,
147,?,O,
148,???,O,
148,??,O,
148,(,O,
148,?????,O,
148,),O,
148,????,O,
148,???,O,
148,????????????,O,
148,???????,O,
148,(,O,
148,???,O,
148,),O,
148,??????,O,
148,???????,O,
148,???????,O,
148,???,O,
148,?,O,
149,????????,O,
149,??????????????,O,
149,?,O,
150,???????,O,
150,?,O,
150,????,O,
150,????????,O,
150,???????,O,
150,???,O,
150,????,O,
150,??,O,
150,:,O,
150,????????????,O,
150,?????????????????,O,
150,?????,O,
150,???,O,
150,???????????,O,
150,?,O,
151,???????,O,
151,???????????,O,
151,:,O,
151,????,O,
151,?????,O,
151,",",O,
151,????????,O,
151,",",O,
151,??????,O,
151,??????,O,
151,",",O,
151,????,O,
151,??????,O,
151,????,O,
151,",",O,
151,?????,O,
151,??????,O,
151,??,O,
151,????????,O,
151,",",O,
151,?????,O,
151,????????,O,
151,",",O,
151,?????,O,
151,???????,O,
151,",",O,
151,???????????,O,
151,",",O,
151,??????????????,O,
151,?,O,
152,??????????,O,
152,?,O,
152,?????????????,O,
152,???????,O,
152,:,O,
152,???????,O,
152,?????,O,
152,??????,O,
152,???????,O,
152,???,O,
152,???????,O,
152,???,O,
152,???????,O,
152,????????,O,
152,????????,O,
152,???????,O,
152,???,O,
152,????,O,
152,?,O,
153,?????????????,O,
153,????,O,
153,???????,O,
153,????????,O,
153,??????,O,
153,????,O,
153,????,O,
153,??,O,
153,?????,O,
153,?,O,
153,????????,O,
153,???????,O,
153,??????,O,
153,?????????,O,
153,?????????,O,
153,???????,O,
153,???,O,
153,",",O,
153,????,O,
153,??????????,O,
153,????????????????,O,
153,??,O,
153,????????,O,
153,????,O,
153,???????,O,
153,",",O,
153,????,O,
153,?????,O,
153,??,O,
153,??????????,O,
153,????????????????,O,
153,",",O,
153,???,O,
153,???????,O,
153,??,O,
153,???,O,
153,???????,O,
153,?,O,
154,??????,O,
154,???,O,
154,?????????,O,
154,???,O,
154,(,O,
154,???????,O,
154,?????,O,
154,),O,
154,?,O,
154,???,O,
154,??,O,
154,(,O,
154,???????,O,
154,???????,O,
154,),O,
154,??,O,
154,??????????,O,
154,???????,O,
154,???,O,
154,?,O,
155,???????,O,
155,????????,O,
155,",",O,
155,???????,O,
155,???????,O,
155,??,O,
155,???????,O,
155,???????,O,
155,?????????,O,
155,????????,O,
155,?????????????,O,
155,??,O,
155,????,O,
155,??????????,O,
155,???????,O,
155,???,O,
155,???,O,
155,?,O,
156,????,O,
156,???,O,
156,?????????????,O,
156,??,O,
156,???????,O,
156,?????,O,
156,??????,O,
156,?????,O,
156,?,O,
157,???,O,
157,?????,O,
157,?????????,O,
157,???????,O,
157,?????,O,
157,??????,O,
157,????????,O,
157,?????,O,
157,?,O,
158,????????????,O,
158,???????,O,
158,??????,O,
158,?????,O,
158,??,O,
158,????????????????,O,
158,",",O,
158,???????,O,
158,?,O,
158,????????,O,
158,??????,O,
158,??????,O,
158,?????,O,
158,????????????????,O,
158,???,O,
158,??????,O,
158,???????,O,
158,????????,O,
158,??????????,O,
158,???????,O,
158,????,O,
158,????,O,
158,???,O,
158,?,O,
159,????,O,
159,??????,O,
159,?????????????????????,O,
159,?????,O,
159,???,O,
159,?????????????,O,
159,????????,O,
159,??????????????,O,
159,",",O,
159,?????????,O,
159,?????????,O,
159,",",O,
159,?????????,O,
159,???????????,O,
159,",",O,
159,????????????,O,
159,??????????,O,
159,???????,O,
159,????????,O,
159,???????,O,
159,???,O,
159,????,O,
159,????,O,
159,?,O,
160,???????,O,
160,?,O,
160,????,O,
160,????????,O,
160,???????,O,
160,???,O,
160,????,O,
160,??,O,
160,:,O,
160,??????????????,O,
160,?????,O,
160,???????????????,O,
160,(,O,
160,??????,O,
160,???????????,O,
160,),O,
160,????????,O,
160,?,O,
161,?????????????,O,
161,????????,O,
161,??,O,
161,????????,O,
161,???????,O,
161,?,O,
161,???,O,
161,???,O,
161,????,O,
161,?,O,
162,??????????,O,
162,????????,O,
162,??,O,
162,????????,O,
162,???????,O,
162,??????,O,
162,????,O,
162,????,O,
162,???,O,
162,?????????,O,
162,??,O,
162,?????,O,
162,??????,O,
162,??????,O,
162,???????,O,
162,?,O,
162,??????,O,
162,???,O,
162,????,O,
162,?,O,
163,????????????,O,
163,?????,O,
163,?,O,
163,????????????,O,
163,???,O,
163,????,O,
163,??,O,
163,?????????,O,
163,??????,O,
163,??????,O,
163,???,O,
163,????,O,
163,????,O,
163,?,O,
164,????,O,
164,??,O,
164,????????,O,
164,????????????,O,
164,???????,O,
164,??,O,
164,??????,O,
164,????,O,
164,???,O,
164,????,O,
164,?,O,
165,????????????????,O,
165,??,O,
165,???????????????,O,
165,????,O,
165,?????????????????,O,
165,??,O,
165,????,O,
165,???????????,O,
165,??????,O,
165,????,O,
165,?,O,
166,?????????,O,
166,????,O,
166,??????????????,O,
166,?????????????,O,
166,????,O,
166,????,O,
166,?,O,
167,???????????????,O,
167,?????????,O,
167,????,O,
167,???,O,
167,???,O,
167,??????????????,O,
167,?????????????,O,
167,????,O,
167,?,O,
168,?????????,O,
168,?????,O,
168,",",O,
168,???????,O,
168,",",O,
168,?????,O,
168,??,O,
168,???,O,
168,???,O,
168,?????,O,
168,????,O,
168,????,O,
168,??,O,
168,?????,O,
168,????,O,
168,???,O,
168,?,O,
169,???????????????,O,
169,???????,O,
169,?????,O,
169,",",O,
169,?????,O,
169,",",O,
169,???????,O,
169,???,O,
169,",",O,
169,??????,O,
169,????????,O,
169,",",O,
169,???????,O,
169,???,O,
169,????????,O,
169,??????,O,
169,??,O,
169,???????????,O,
169,??????????,O,
169,?????????,O,
169,????,O,
169,???????,O,
169,???,O,
169,?,O,
170,???????????????,O,
170,????,O,
170,??????,O,
170,",",O,
170,?????????,O,
170,?????,O,
170,?????????,O,
170,??????????,O,
170,?????????,O,
170,?????,O,
170,???????,O,
170,???,O,
170,?,O,
171,???,O,
171,?????,O,
171,???????,O,
171,?????,O,
171,??????,O,
171,??????,O,
171,????,O,
171,????????????????,O,
171,????????,O,
171,????????????????,O,
171,???????????????,O,
171,????????????????,O,
171,??????????????,O,
171,????????????????,O,
171,????????????,O,
171,?,O,
172,?????????,O,
172,:,O,
172,????,O,
172,??????,O,
172,",",O,
172,???-????,O,
172,?????,O,
172,???,O,
172,",",O,
172,???,O,
172,???,O,
172,???,O,
172,??????,O,
172,??????,O,
172,?????????,O,
172,????????,O,
172,?,O,
173,???,O,
173,????,O,
173,?????,O,
173,??,O,
173,?????,O,
173,?????,O,
173,???????????,O,
173,????,O,
173,????,O,
173,??????,O,
173,?????,O,
173,???????,O,
173,???,O,
173,??,O,
173,?,O,
174,???,O,
174,???,O,
174,???,O,
174,",",O,
174,?????????,O,
174,????,O,
174,(,O,
174,????,O,
174,??????,O,
174,),O,
174,",",O,
174,??????,O,
174,??????,O,
174,???,O,
174,???????,O,
174,???,O,
174,???,O,
174,?,O,
175,???????,O,
175,?,O,
175,????,O,
175,????????,O,
175,???????,O,
175,???,O,
175,????,O,
175,??,O,
175,:,O,
175,????,O,
175,?,O,
175,????,O,
175,?????,O,
175,???????,O,
175,????????,O,
175,???????,O,
175,???????,O,
175,???,O,
175,????,O,
175,?,O,
176,????????????????,O,
176,???????????????,O,
176,??,O,
176,?????,O,
176,?????,O,
176,??????????,O,
176,???????????,O,
176,?????,O,
176,?????,O,
176,????????,O,
176,?????????,O,
176,??,O,
176,?,O,
177,???????,O,
177,???????????,O,
177,:,O,
177,????,O,
177,????,O,
177,????????,O,
177,????,O,
177,??????,O,
177,???,O,
177,",",O,
177,???,O,
177,??????,O,
177,?????,O,
177,",",O,
177,???,O,
177,???,O,
177,???,O,
177,???????,O,
177,???,O,
177,????,O,
177,?,O,
178,???,O,
178,????,O,
178,???,O,
178,;,O,
178,?????????,O,
178,?????,O,
178,(,O,
178,????,O,
178,??,O,
178,????????,O,
178,??,O,
178,????,O,
178,),O,
178,;,O,
178,??????????,O,
178,",",O,
178,???????,O,
178,?????????????,O,
178,???????,O,
178,????,O,
178,????,O,
178,",",O,
178,???????,O,
178,",",O,
178,???????,O,
178,?????,O,
178,;,O,
178,?????,O,
178,???,O,
178,",",O,
178,???,O,
178,",",O,
178,??,O,
178,???,O,
178,;,O,
178,????????????,O,
178,",",O,
178,?????,O,
178,???,O,
178,",",O,
178,?????,O,
178,??????,O,
178,;,O,
178,????,O,
178,?????-??????,O,
178,???????,O,
178,???,O,
178,????,O,
178,?,O,
179,?????????????,O,
179,:,O,
179,??????,O,
179,?????,O,
179,??,O,
179,????,O,
179,????????,O,
179,(,O,
179,????,O,
179,?????,O,
179,",",O,
179,???????????,O,
179,),O,
179,",",O,
179,?????????,O,
179,",",O,
179,?????,O,
179,",",O,
179,?????,O,
179,????,O,
179,(,O,
179,????,O,
179,??????????,O,
179,",",O,
179,?????????,O,
179,",",O,
179,),O,
179,????????,O,
179,),O,
179,",",O,
179,????,O,
179,?????????,O,
179,(,O,
179,????,O,
179,??????????????,O,
179,",",O,
179,?????????????????,O,
179,),O,
179,",",O,
179,??,O,
179,????????,O,
179,?????????????????,O,
179,(,O,
179,????,O,
179,??????????,O,
179,",",O,
179,??????????????,O,
179,),O,
179,???????,O,
179,??????,O,
179,????,O,
179,??????????,O,
179,?????,O,
179,????,O,
179,",",O,
179,?????,O,
179,???????,O,
179,???????????,O,
179,??,O,
179,??????,O,
179,?????,O,
179,????,O,
179,??????????,O,
179,(,O,
179,GS-5734,O,
179,),O,
179,????,O,
179,???????,O,
179,????????,O,
179,??????????????,O,
179,?????,O,
179,??,O,
179,?????????????,O,
179,??????,O,
179,???????,O,
179,????,O,
179,?????,O,
179,",",O,
179,?????,O,
179,",",O,
179,?????-???-?,O,
179,(,O,
179,????????,O,
179,????????,O,
179,????,O,
179,),O,
179,??,O,
179,???,O,
179,??????,O,
179,?????,O,
179,??????,O,
179,",",O,
179,????-,O,
179,?????,O,
179,",",O,
179,????????,O,
179,????????,O,
179,????????,O,
179,????????,O,
179,?,O,
180,??????????,O,
180,????,O,
180,?????????,O,
180,(,O,
180,????????,O,
180,),O,
180,??????????????,O,
180,????????,O,
180,?,O,
181,????,O,
181,?????????,O,
181,????????,O,
181,???????,O,
181,?????????????????,O,
181,????????,O,
181,???????,O,
181,?????????,O,
181,?,O,
182,???????,O,
182,????,O,
182,?,O,
182,????,O,
182,????????,O,
182,????,O,
182,?????,O,
182,?????,O,
182,??,O,
182,??????,O,
182,????,O,
182,??????,O,
182,????,O,
182,?????,O,
182,?,O,
183,??????????,O,
183,??,O,
183,????,O,
183,?????,O,
183,????,O,
183,??????????,O,
183,??????,O,
183,??????????,O,
183,??,O,
183,??????,O,
183,???,O,
183,???????????,O,
183,??????????,O,
183,????????,O,
183,????????,O,
183,????,O,
183,???????????,O,
183,????,O,
183,??????,O,
183,????,O,
183,???,O,
183,?,O,
184,?????????,O,
184,????,O,
184,????,O,
184,??????,O,
184,????????,O,
184,?????,O,
184,??????,O,
184,????,O,
184,???????????,O,
184,????,O,
184,?????,O,
184,?????,O,
184,(,O,
184,????-?,O,
184,),O,
184,???????????,O,
184,???????,O,
184,????,O,
184,??,O,
184,?,O,
185,????,O,
185,????,O,
185,???,O,
185,?????,O,
185,??????,O,
185,????,O,
185,????,O,
185,???????????,O,
185,???????,O,
185,????,O,
185,???,O,
185,????,O,
185,??,O,
185,",",O,
185,????,O,
185,????????,O,
185,????????,O,
185,??????????,O,
185,??,O,
185,????,O,
185,????????????,O,
185,?????,O,
185,???,O,
185,????,O,
185,????,O,
185,(,O,
185,????????,O,
185,???,O,
185,?????????,O,
185,????????,O,
185,???,O,
185,),O,
185,?????,O,
185,??????,O,
185,????,O,
185,????,O,
185,????????,O,
185,???,O,
185,??????,O,
185,???,O,
185,?,O,
186,?????,O,
186,??????,O,
186,????,O,
186,??,O,
186,?????????,O,
186,???????,O,
186,???????,O,
186,????,O,
186,???,O,
186,?,O,
187,??????,O,
187,????????,O,
187,???????,O,
187,???????,O,
187,",",O,
187,?????,O,
187,?,O,
187,?????,O,
187,????????,O,
187,????????,O,
187,??????,O,
187,???,O,
187,??,O,
187,???????????,O,
187,???????,O,
187,????,O,
187,???,O,
187,????,O,
187,????,O,
187,?,O,
188,?????,O,
188,?,O,
188,?????,O,
188,????????,O,
188,????????,O,
188,????????,O,
188,?????,O,
188,??,O,
188,???????????,O,
188,????,O,
188,???,O,
188,????????,O,
188,????,O,
188,????,O,
188,?,O,
188,????,O,
188,???????,O,
188,????,O,
188,????,O,
188,???????,O,
188,???????????,O,
188,???????,O,
188,????,O,
188,????,O,
188,??????,O,
188,???????,O,
188,?,O,
189,??????????,O,
189,??????,O,
189,???,O,
189,????,O,
189,??????????,O,
189,??,O,
189,????????,O,
189,????-?????,O,
189,?,O,
190,????????????,O,
190,???????????,O,
190,????,O,
190,???,O,
190,????????,O,
190,????,O,
190,???,O,
190,???????????,O,
190,?????????,O,
190,????,O,
190,????,O,
190,??????????,O,
190,???,O,
190,???????????,O,
190,??,O,
190,?????,O,
190,",",O,
190,??,O,
190,??,O,
190,??????,O,
190,?????,O,
190,?????????,O,
190,???????,O,
190,?????????,O,
190,???????,O,
190,????????,O,
190,??,O,
190,?????????,O,
190,????,O,
190,??????,O,
190,??,O,
190,????,O,
190,?,O,
191,?????????,O,
191,????????????,O,
191,???????,O,
191,????,O,
191,????????????????????????,O,
191,??????,O,
191,(,O,
191,??,O,
191,?????,O,
191,???????,O,
191,?????,O,
191,????,O,
191,),O,
191,",",O,
191,??,O,
191,????,O,
191,?,O,
191,??????????,O,
191,???????????,O,
191,????,O,
191,???????,O,
191,???,O,
191,?,O,
192,????????,O,
192,????????,O,
192,??,O,
192,????,O,
192,?,O,
192,??????????,O,
192,???????????,O,
192,????,O,
192,??????,O,
192,???????,O,
192,????,O,
192,?,O,
193,???????????,O,
193,????????????????????????,O,
193,?????,O,
193,??????,O,
193,???????,O,
193,???,O,
193,???,O,
193,????,O,
193,???,O,
193,?????????????????,O,
193,??????,O,
193,??,O,
193,????,O,
193,?????,O,
193,???????,O,
193,???????,O,
193,?????,O,
193,???,O,
193,?,O,
194,??,O,
194,???????,O,
194,??,O,
194,????,O,
194,?????,O,
194,??????,O,
194,??,O,
194,??????,O,
194,???,O,
194,?????,O,
194,?,O,
195,?????????,O,
195,?’?,O,
195,???????,O,
195,?????,O,
195,??????????,O,
195,???????,O,
195,????,O,
195,???????,O,
195,????,O,
195,?,O,
196,????????,O,
196,????,O,
196,?????????,O,
196,(,O,
196,???????????,O,
196,),O,
196,????????,O,
196,????,O,
196,???,O,
196,??????????,O,
196,????,O,
196,?????,O,
196,?????,O,
196,???????,O,
196,????,O,
196,????,O,
196,???????,O,
196,?????,O,
196,????,O,
196,???????,O,
196,???,O,
196,?,O,
197,???,O,
197,????,O,
197,???????,O,
197,???,O,
197,??????,O,
197,???????,O,
197,(,O,
197,?????,O,
197,???????????,O,
197,),O,
197,???????,O,
197,?????????,O,
197,?????,O,
197,?????,O,
197,?????,O,
197,???????,O,
197,???,O,
197,?,O,
198,????,O,
198,???????,O,
198,?????,O,
198,???????,O,
198,",",O,
198,?????,O,
198,???????,O,
198,???,O,
198,??????,O,
198,??????,O,
198,???,O,
198,????,O,
198,???????,O,
198,???,O,
198,?,O,
199,????????,O,
199,????????????,O,
199,????????,O,
199,???????,O,
199,(,O,
199,?????,O,
199,),O,
199,???????,O,
199,????,O,
199,????,O,
199,?,O,
200,???,O,
200,??,O,
200,???????,O,
200,?????,O,
200,???????????,O,
200,????,O,
200,?,O,
201,?????,O,
201,???????,O,
201,??,O,
201,.,O,
201,?????????,O,
201,?????,O,
201,????,O,
201,??,O,
201,????,O,
201,??????,O,
201,?????,O,
201,???,O,
201,?,O,
202,???,O,
202,????????????,O,
202,?????,O,
202,???,O,
202,???,O,
202,???,O,
202,????,O,
202,????,O,
202,?????,O,
202,????,O,
202,????????,O,
202,???,O,
202,????,O,
202,??,O,
202,????,O,
202,?????,O,
202,????,O,
202,?,O,
203,??,O,
203,?????,O,
203,?????,O,
203,?????????????,O,
203,????,O,
203,????,O,
203,????,O,
203,????????,O,
203,????,O,
203,????,O,
203,????,O,
203,??,O,
203,?????,O,
203,????????,O,
203,?????,O,
203,?????,O,
203,??????,O,
203,??,O,
203,????,O,
203,??????,O,
203,???,O,
203,?,O,
204,????????,O,
204,??????,O,
204,????,O,
204,????,O,
204,??,O,
204,?????,O,
204,??,O,
204,????,O,
204,?,O,
204,????,O,
204,?,O,
204,??????,O,
204,????,O,
204,?????,O,
204,????,O,
204,?,O,
205,???,O,
205,??????,O,
205,????????,O,
205,????????,O,
205,?????,O,
205,?????,O,
205,???,O,
205,?,O,
206,???????????????????,O,
206,(,O,
206,????,O,
206,??????,O,
206,),O,
206,????????,O,
206,????,O,
206,???????????,O,
206,????,O,
206,??????,O,
206,???,O,
206,?????,O,
206,?????,O,
206,??????,O,
206,??????,O,
206,????????,O,
206,????,O,
206,???,O,
206,??????,O,
206,???????,O,
206,????????,O,
206,?????,O,
206,????,O,
206,?????????,O,
206,????,O,
206,???????,O,
206,???????,O,
206,???,O,
206,????,O,
206,????,O,
206,?,O,
207,???????,O,
207,???????,O,
207,????????,O,
207,????????,O,
207,????,O,
207,???????,O,
207,????,O,
207,???,O,
207,?????,O,
207,???????????,O,
207,???,O,
207,????,O,
207,?????,O,
207,?????,O,
207,????,O,
207,????,O,
207,?,O,
208,???,O,
208,??????,O,
208,????????????????????,O,
208,?????,O,
208,???????????,O,
208,???,O,
208,????,O,
208,??????,O,
208,",",O,
208,????,O,
208,?????,O,
208,",",O,
208,?????????????,O,
208,???????,O,
208,",",O,
208,???????,O,
208,???,O,
208,??????,O,
208,???????,O,
208,?,O,
209,?,O,
209,?????,O,
209,??????????,O,
209,???????,O,
209,?????,O,
209,????????,O,
209,",",O,
209,????????,O,
209,",",O,
209,???,O,
209,?????,O,
209,?,O,
209,?????,O,
209,?????????,O,
209,?????,O,
209,????,O,
209,????,O,
209,?,O,
210,???????,O,
210,?????,O,
210,?,O,
210,??,O,
210,???,O,
210,??????????,O,
210,????,O,
210,????????????,O,
210,????,O,
210,???????,O,
210,?????,O,
210,????????,O,
210,??,O,
210,????,O,
210,????,O,
210,???????,O,
210,?,O,
211,?????,O,
211,???,O,
211,??????,O,
211,????,O,
211,?????????,O,
211,?????????,O,
211,????,O,
211,????,O,
211,????,O,
211,????,O,
211,????,O,
211,??,O,
211,?????,O,
211,?????????,O,
211,???,O,
211,????,O,
211,?,O,
212,????,O,
212,????,O,
212,???,O,
212,?????,O,
212,????,O,
212,???????,O,
212,?????,O,
212,?????,O,
212,",",O,
212,???,O,
212,????,O,
212,??,O,
212,?????,O,
212,????,O,
212,???????,O,
212,????,O,
212,????,O,
212,????,O,
212,????,O,
212,???,O,
212,????,O,
212,????,O,
212,?,O,
213,??????,O,
213,????????????????????????,O,
213,?????,O,
213,??????,O,
213,????,O,
213,??????,O,
213,",",O,
213,????,O,
213,?????????,O,
213,??????,O,
213,??????,O,
213,?????????,O,
213,(,O,
213,????,O,
213,?????,O,
213,????????,O,
213,",",O,
213,???,O,
213,/,O,
213,????????,O,
213,??????????,O,
213,),O,
213,????,O,
213,????,O,
213,????,O,
213,?,O,
214,????,O,
214,???????,O,
214,??????,O,
214,??????,O,
214,???,O,
214,????,O,
214,??,O,
214,??????,O,
214,??????,O,
214,???,O,
214,???,O,
214,??????,O,
214,?????????,O,
214,????,O,
214,???????,O,
214,???,O,
214,????,O,
214,????,O,
214,",",O,
214,???,O,
214,???,O,
214,???,O,
214,??????,O,
214,??????,O,
214,??????,O,
214,??,O,
214,?????,O,
214,???,O,
214,?????,O,
214,????,O,
214,????,O,
214,?,O,
215,????,O,
215,????????,O,
215,???????,O,
215,????,O,
215,?????,O,
215,???????,O,
215,?????,O,
215,??????,O,
215,???????????,O,
215,?????,O,
215,?????,O,
215,?,O,
216,?????,O,
216,???,O,
216,??????,O,
216,???????,O,
216,????,O,
216,?????,O,
216,????,O,
216,????,O,
216,??????????,O,
216,??????,O,
216,????????,O,
216,???,O,
216,???,O,
216,?????,O,
216,?????????,O,
216,????????,O,
216,????,O,
216,?,O,
217,??,O,
217,??????,O,
217,????,O,
217,???,O,
217,??????,O,
217,??????????,O,
217,????????????,O,
217,???,O,
217,????,O,
217,????,O,
217,???,O,
217,??,O,
217,?,O,
218,???,O,
218,",",O,
218,???,O,
218,????,O,
218,??????,O,
218,???????????,O,
218,????,O,
218,?????,O,
218,(,O,
218,????????,O,
218,",",O,
218,???????,O,
218,/,O,
218,???????,O,
218,(,O,
218,??????,O,
218,???,O,
218,/,O,
218,??????,O,
218,/,O,
218,???,O,
218,),O,
218,",",O,
218,?????,O,
218,????,O,
218,????,O,
218,",",O,
218,?????????,O,
218,),O,
218,??????,O,
218,????,O,
218,???,O,
218,??????,O,
218,?????????,O,
218,???????,O,
218,????,O,
218,???,O,
218,?,O,
219,????,O,
219,?,O,
219,??????????,O,
219,???????,O,
219,??,O,
219,????????,O,
219,???????,O,
219,?????????,O,
219,?????,O,
219,???????,O,
219,??????????,O,
219,????,O,
219,??????,O,
219,???,O,
219,??????????,O,
219,????,O,
219,????????????????,O,
219,???????,O,
219,???,O,
219,?,O,
220,??????,O,
220,???,O,
220,????????????????,O,
220,???????????????,O,
220,(,O,
220,??????,O,
220,),O,
220,??????,O,
220,?????,O,
220,???,O,
220,?,O,
221,????????????????,O,
221,?????????,O,
221,????????????,O,
221,????,O,
221,????????????????,O,
221,????????,O,
221,????????,O,
221,?????,O,
221,??????,O,
221,???,O,
221,????,O,
221,??,O,
221,??????,O,
221,??????,O,
221,???,O,
221,?????,O,
221,???,O,
221,????,O,
221,?,O,
222,??????,O,
222,??,O,
222,????????????,O,
222,???????,O,
222,??????,O,
222,???????,O,
222,???????,O,
222,????????,O,
222,????????????????,O,
222,???????,O,
222,???,O,
222,????,O,
222,???,O,
222,?,O,
223,??,O,
223,????????,O,
223,??????,O,
223,???????,O,
223,????,O,
223,????,O,
223,???,O,
223,???,O,
223,???,O,
223,??????,O,
223,?????????,O,
223,???,O,
223,?????????,O,
223,???,O,
223,",",O,
223,??????????,O,
223,????????,O,
223,",",O,
223,???????,O,
223,??,O,
223,?????,O,
223,???,O,
223,??????,O,
223,????,O,
223,???,O,
223,??????,O,
223,?????????,O,
223,???????,O,
223,????,O,
223,???,O,
223,?,O,
224,??,O,
224,????,O,
224,???????,O,
224,???,O,
224,??,O,
224,????????,O,
224,??????,O,
224,?????,O,
224,?????,O,
224,???,O,
224,??,O,
224,??,O,
224,?????,O,
224,???,O,
224,??????????,O,
224,??????,O,
224,??,O,
224,????????????,O,
224,???????,O,
224,??????,O,
224,?????????,O,
224,?????????,O,
224,??????????,O,
224,????????????,O,
224,????,O,
224,???,O,
224,??,O,
224,????,O,
224,???????,O,
224,???,O,
224,????,O,
224,??,O,
224,??,O,
224,??????,O,
224,?????,O,
224,???????,O,
224,?????????,O,
224,??????,O,
224,?????,O,
224,????????,O,
224,?????,O,
224,????,O,
224,?,O,
225,?????????,O,
225,??????,O,
225,??????,O,
225,?????????,O,
225,?????,O,
225,????????,O,
225,?????????,O,
225,????,O,
225,???,O,
225,????,O,
225,???,O,
225,?,O,
226,???????????????,O,
226,?????????,O,
226,???,O,
226,?????????,O,
226,??????,O,
226,???,O,
226,??,O,
226,??????,O,
226,?????,O,
226,????????,O,
226,?????,O,
226,???????,O,
226,??,O,
226,??????,O,
226,;,O,
226,?????,O,
226,???????,O,
226,??,O,
226,???????,O,
226,;,O,
226,??????????,O,
226,??????,O,
226,?????,O,
226,?????,O,
226,??????,O,
226,;,O,
226,?????????,O,
226,?????????,O,
226,;,O,
226,????,O,
226,??????,O,
226,?????,O,
226,??????,O,
226,???,O,
226,??,O,
226,??,O,
226,?,O,
227,???????????????,O,
227,????????????,O,
227,????????,O,
227,????????,O,
227,?????????????,O,
227,(,O,
227,???????,O,
227,),O,
227,??????,O,
227,????,O,
227,????,O,
227,???,O,
227,??????????,O,
227,???????????,O,
227,?????,O,
227,????????,O,
227,?????,O,
227,????,O,
227,?,O,
228,???????????????,O,
228,?????????,O,
228,????,O,
228,????????,O,
228,???,O,
228,????,O,
228,??????,O,
228,????????,O,
228,????,O,
228,????,O,
228,?,O,
229,???????????????,O,
229,??,O,
229,?????,O,
229,??,O,
229,????????,O,
229,???????,O,
229,???,O,
229,????,O,
229,??,O,
229,?,O,
230,???????????????,O,
230,??,O,
230,???????,O,
230,????????????,O,
230,?????,O,
230,???,O,
230,???????????,O,
230,?????????????,O,
230,?????,O,
230,(,O,
230,????,O,
230,",",O,
230,?????,O,
230,????,O,
230,????,O,
230,????,O,
230,",",O,
230,???,O,
230,",",O,
230,????,O,
230,",",O,
230,??????,O,
230,??,O,
230,???,O,
230,????,O,
230,?????,O,
230,),O,
230,????,O,
230,????,O,
230,???????????????,O,
230,???????,O,
230,????,O,
230,????,O,
230,???,O,
230,?????,O,
230,???,O,
230,???????,O,
230,?????????,O,
230,?????,O,
230,????,O,
230,(,O,
230,???,O,
230,???,O,
230,???,O,
230,",",O,
230,?????,O,
230,????,O,
230,?????,O,
230,",",O,
230,???????,O,
230,",",O,
230,??????,O,
230,?????,O,
230,",",O,
230,???,O,
230,????,O,
230,????????,O,
230,",",O,
230,?????????,O,
230,????,O,
230,??,O,
230,??,O,
230,??????,O,
230,(,O,
230,????,O,
230,??,O,
230,?????,O,
230,????,O,
230,?????,O,
230,),O,
230,???,O,
230,??????,O,
230,?????????,O,
230,???????,O,
230,????,O,
230,???,O,
230,?????????,O,
230,??????,O,
230,?????,O,
230,????,O,
230,????,O,
230,????,O,
230,????,O,
230,?????????,O,
230,(,O,
230,??????,O,
230,?????,O,
230,?????,O,
230,),O,
230,",",O,
230,??????????,O,
230,????????,O,
230,",",O,
230,???????,O,
230,",",O,
230,?????,O,
230,???,O,
230,??????,O,
230,;,O,
230,??????,O,
230,??,O,
230,???,O,
230,????????,O,
230,",",O,
230,??????????,O,
230,??,O,
230,????,O,
230,????????,O,
230,",",O,
230,????????,O,
230,????,O,
230,????,O,
230,????,O,
230,??,O,
230,???????????,O,
230,????,O,
230,;,O,
230,???????,O,
230,???,O,
230,???????????????,O,
230,?????????,O,
230,????,O,
230,?????,O,
230,???????????,O,
230,?????????,O,
230,??????,O,
230,",",O,
230,???,O,
230,???????????????,O,
230,??????,O,
230,????,O,
230,???,O,
230,????,O,
230,??,O,
230,????????,O,
230,???,O,
230,?,O,
231,??????,O,
231,???????,O,
231,?????????????????,O,
231,?????,O,
231,?????,O,
231,????,O,
231,??????,O,
231,",",O,
231,????,O,
231,?????,O,
231,",",O,
231,?????,O,
231,???,O,
231,",",O,
231,??????,O,
231,?,O,
231,??????,O,
231,",",O,
231,?????,O,
231,",",O,
231,???,O,
231,?????,O,
231,?,O,
232,??????,O,
232,????????????,O,
232,????????,O,
232,??,O,
232,????????,O,
232,?????,O,
232,?????,O,
232,???,O,
232,?,O,
233,???,O,
233,???????,O,
233,????,O,
233,???????,O,
233,?????,O,
233,",",O,
233,??????,O,
233,?,O,
233,????,O,
233,",",O,
233,????,O,
233,:,O,
233,?????????,O,
233,?????,O,
233,?????,O,
233,??,O,
233,??????,O,
233,;,O,
233,???????????,O,
233,???????,O,
233,?????,O,
233,",",O,
233,??????,O,
233,?,O,
233,????,O,
233,",",O,
233,????-????,O,
233,?,O,
233,?????,O,
233,?????????????,O,
233,????????,O,
233,;,O,
233,???????????,O,
233,??????????,O,
233,???????,O,
233,????????,O,
233,???????,O,
233,??????,O,
233,",",O,
233,????,O,
233,?????????,O,
233,???????????,O,
233,??,O,
233,????????????,O,
233,;,O,
233,??????????,O,
233,???,O,
233,?????,O,
233,;,O,
233,???-??????????,O,
233,???????????,O,
233,;,O,
233,???,O,
233,",",O,
233,???,O,
233,?,O,
233,????,O,
233,?????,O,
233,?????,O,
233,?,O,
233,???????????,O,
233,???????,O,
233,????????,O,
233,????,O,
233,??????,O,
233,????????,O,
233,???,O,
233,????,O,
233,????,O,
233,?,O,
234,?????????,O,
234,???????????,O,
234,",",O,
234,??????????????????,O,
234,",",O,
234,??????????????,O,
234,??????????????,O,
234,",",O,
234,???????????,O,
234,",",O,
234,?????,O,
234,????,O,
234,??????,O,
234,??????,O,
234,",",O,
234,????????,O,
234,",",O,
234,???????????,O,
234,",",O,
234,???????????,O,
234,?????????,O,
234,???????,O,
234,???,O,
234,???????????,O,
234,???????,O,
234,????????????,O,
234,?????,O,
234,???,O,
234,????,O,
234,??,O,
234,?,O,
235,?????,O,
235,?,O,
235,????,O,
235,???,O,
235,????,O,
235,??,O,
235,?????,O,
235,????,O,
235,?????,O,
235,????,O,
235,?????????,O,
235,???????,O,
235,???????,O,
235,????????????,O,
235,????,O,
235,????,O,
235,????,O,
235,?,O,
236,????????????,O,
236,??,O,
236,??????,O,
236,??????,O,
236,??????????,O,
236,??????,O,
236,???,O,
236,;,O,
236,??????,O,
236,??????,O,
236,??????,O,
236,???,O,
236,???????,O,
236,??,O,
236,???,O,
236,?????,O,
236,???,O,
236,???????,O,
236,???????????,O,
236,??,O,
236,??,O,
236,?,O,
237,????????????,O,
237,?????????,O,
237,??,O,
237,??????????????????,O,
237,????,O,
237,????,O,
237,????,O,
237,????,O,
237,???,O,
237,?????,O,
237,???,O,
237,????,O,
237,??????,O,
237,????????????,O,
237,???????,O,
237,???,O,
237,???,O,
237,??,O,
237,???,O,
237,???????,O,
237,????????,O,
237,???????,O,
237,????,O,
237,???,O,
237,???,O,
237,????,O,
237,????,O,
237,????,O,
237,??,O,
237,??????????,O,
237,?????,O,
237,????,O,
237,????,O,
237,????,O,
237,?,O,
238,????????,O,
238,????,O,
238,??????????????,O,
238,?,O,
238,????????,O,
238,??????????????,O,
238,????,O,
238,??,O,
238,????,O,
238,?????????,O,
238,?????????,O,
238,???????,O,
238,???,O,
238,?,O,
239,??????,O,
239,????,O,
239,????????,O,
239,????????,O,
239,????????,O,
239,?????,O,
239,?????,O,
239,???,O,
239,?,O,
240,???,O,
240,?????????,O,
240,????,O,
240,?????,O,
240,???????,O,
240,????,O,
240,?????,O,
240,???,O,
240,?,O,
241,???,O,
241,????,O,
241,????????????????,O,
241,???????,O,
241,???????,O,
241,?????????,O,
241,?????,O,
241,?????,O,
241,?????,O,
241,???????,O,
241,???,O,
241,?,O,
242,???,O,
242,????????????,O,
242,?????,O,
242,???,O,
242,????,O,
242,????,O,
242,?????,O,
242,????,O,
242,????????,O,
242,???,O,
242,????,O,
242,?,O,
243,??,O,
243,???,O,
243,????,O,
243,???????,O,
243,?????,O,
243,",",O,
243,???????,O,
243,",",O,
243,?????,O,
243,???????,O,
243,???,O,
243,??????,O,
243,??????,O,
243,?????,O,
243,???,O,
243,?,O,
244,?????????,O,
244,??????????,O,
244,?????,O,
244,??,O,
244,??????,O,
244,???????,O,
244,???,O,
244,????,O,
244,???,O,
244,?,O,
245,????????????,O,
245,????????,O,
245,???????,O,
245,???,O,
245,????,O,
245,??,O,
245,?,O,
246,????????,O,
246,???????,O,
246,???,O,
246,??,O,
246,???????,O,
246,???????????,O,
246,????,O,
246,????,O,
246,????,O,
246,????,O,
246,???,O,
246,????,O,
246,???,O,
246,:,O,
246,????,O,
246,??????,O,
246,???,O,
246,",",O,
246,????????,O,
246,???,O,
246,??????????,O,
246,",",O,
246,????,O,
246,???,O,
246,",",O,
246,????,O,
246,",",O,
246,??????,O,
246,????,O,
246,?????,O,
246,????,O,
246,????,O,
246,????,O,
246,?,O,
247,???????,O,
247,??????,O,
247,???,O,
247,?,O,
247,?????,O,
247,???????,O,
247,??????,O,
247,????????,O,
247,?????,O,
247,???????,O,
247,????,O,
247,????,O,
247,????,O,
247,?,O,
248,?????,O,
248,????????,O,
248,(,O,
248,????,O,
248,),O,
248,",",O,
248,????????,O,
248,????,O,
248,????????????,O,
248,??????,O,
248,????,O,
248,????,O,
248,????,O,
248,???,O,
248,???????,O,
248,??????,O,
248,????,O,
248,????,O,
248,????,O,
248,?,O,
249,??????????,O,
249,????,O,
249,??????,O,
249,???????,O,
249,??????????,O,
249,?,O,
250,????,O,
250,???????,O,
250,????,O,
250,????,O,
250,???,O,
250,?,O,
251,????????,O,
251,???,O,
251,??????,O,
251,?????,O,
251,???,O,
251,??????,O,
251,???,O,
251,??????,O,
251,?????,O,
251,???,O,
251,?,O,
252,??????,O,
252,?????,O,
252,????,O,
252,?,O,
252,??????,O,
252,??????,O,
252,??????????,O,
252,???,O,
252,??????,O,
252,???????,O,
252,????????,O,
252,???,O,
252,???????,O,
252,??,O,
252,?,O,
253,??????????,O,
253,?????????,O,
253,????,O,
253,????,O,
253,??,O,
253,???????,O,
253,???,O,
253,????,O,
253,?,O,
254,?????,O,
254,???,O,
254,??????,O,
254,???,O,
254,?????,O,
254,??,O,
254,?????,O,
254,????????,O,
254,????????,O,
254,???????,O,
254,?????,O,
254,??????,O,
254,????????,O,
254,????,O,
254,???????,O,
254,???,O,
254,????,O,
254,?,O,
255,?????,O,
255,???,O,
255,???????,O,
255,???,O,
255,??????????,O,
255,????????,O,
255,???????????,O,
255,????,O,
255,???,O,
255,????,O,
255,??,O,
255,???????,O,
255,",",O,
255,????????,O,
255,",",O,
255,???,O,
255,?,O,
255,??????,O,
255,???????,O,
255,",",O,
255,???,O,
255,???,O,
255,???,O,
255,???,O,
255,????,O,
255,?????,O,
255,?,O,
255,???,O,
255,????,O,
255,?,O,
256,??????????,O,
256,???????,O,
256,????,O,
256,?????????,O,
256,???,O,
256,?????,O,
256,??,O,
256,?,O,
257,??????????,O,
257,????,O,
257,????????,O,
257,????????,O,
257,???,O,
257,???,O,
257,???,O,
257,???,O,
257,??????,O,
257,?????????,O,
257,(,O,
257,????,O,
257,",",O,
257,??????,O,
257,?????,O,
257,),O,
257,??,O,
257,?????????????,O,
257,????????,O,
257,???????,O,
257,???,O,
257,????,O,
257,??,O,
257,?,O,
258,??????????,O,
258,??????,O,
258,??????????????,O,
258,??????,O,
258,??????,O,
258,????,O,
258,????,O,
258,?,O,
259,???,O,
259,???,O,
259,??????,O,
259,?????,O,
259,????,O,
259,????,O,
259,",",O,
259,??????,O,
259,????,O,
259,??,O,
259,??,O,
259,????????,O,
259,????,O,
259,???,O,
259,????,O,
259,?,O,
260,??????????,O,
260,????,O,
260,??????,O,
260,???,O,
260,??????????????,O,
260,??????,O,
260,?????????,O,
260,????????,O,
260,????,O,
260,???,O,
260,?,O,
261,??????????,O,
261,???????,O,
261,????????,O,
261,??????????,O,
261,?????,O,
261,?????,O,
261,???????,O,
261,?????,O,
261,????????,O,
261,?????,O,
261,????,O,
261,?,O,
262,??????????,O,
262,???????,O,
262,????,O,
262,????,O,
262,?????????,O,
262,????,O,
262,??????????,O,
262,(,O,
262,????,O,
262,",",O,
262,????,O,
262,????????????,O,
262,????,O,
262,),O,
262,????????,O,
262,???,O,
262,????,O,
262,????,O,
262,??,O,
262,?,O,
263,??????????,O,
263,???,O,
263,????,O,
263,",",O,
263,????,O,
263,????????????,O,
263,????,O,
263,????????,O,
263,????,O,
263,???????,O,
263,????,O,
263,?,O,
264,???,O,
264,???,O,
264,???,O,
264,??,O,
264,???,O,
264,????,O,
264,",",O,
264,????,O,
264,??????,O,
264,;,O,
264,?????,O,
264,????,O,
264,?????,O,
264,??,O,
264,????????,O,
264,???,O,
264,??,O,
264,?????,O,
264,?????,O,
264,?????,O,
264,??????,O,
264,????,O,
264,??????,O,
264,??????,O,
264,???,O,
264,????,O,
264,?,O,
265,????????????,O,
265,????????????,O,
265,????,O,
265,????????????????,O,
265,???,O,
265,???????????????????,O,
265,??????,O,
265,???,O,
265,?,O,
266,????????,O,
266,????????,O,
266,????,O,
266,???????,O,
266,????,O,
266,?,O,
267,???????,O,
267,???,O,
267,????,O,
267,?????,O,
267,?????????????,O,
267,",",O,
267,????????????????,O,
267,",",O,
267,????????????,O,
267,",",O,
267,????????????,O,
267,??????????,O,
267,",",O,
267,?????,O,
267,?????????,O,
267,???????????,O,
267,???????????,O,
267,???????,O,
267,????,O,
267,???????????,O,
267,",",O,
267,?????????????,O,
267,",",O,
267,????????????,O,
267,",",O,
267,??????,O,
267,??????????,O,
267,",",O,
267,???????????,O,
267,?????????,O,
267,",",O,
267,?????????????????,O,
267,",",O,
267,?????????,O,
267,??????,O,
267,",",O,
267,??????,O,
267,??????????,O,
267,",",O,
267,??????,O,
267,??????????,O,
267,???????,O,
267,",",O,
267,?????,O,
267,?????,O,
267,???,O,
267,???????,O,
267,???,O,
267,",",O,
267,??????,O,
267,?????,O,
267,???????,O,
267,",",O,
267,?????????,O,
267,???????????????,O,
267,???,O,
267,??????????,O,
267,?????,O,
267,??????,O,
267,?????,O,
267,?,O,
268,????????????,O,
268,??????????,O,
268,????,O,
268,???????,O,
268,??’???,O,
268,???????,O,
268,????????,O,
268,?????,O,
268,???,O,
268,???????,O,
268,????,O,
268,??,O,
268,?,O,
269,???????,O,
269,????,O,
269,???????,O,
269,????,O,
269,???,O,
269,????,O,
269,??,O,
269,?????,O,
269,???,O,
269,??????,O,
269,?????,O,
269,????????????,O,
269,?,O,
270,??????,O,
270,??????,O,
270,?????,O,
270,????,O,
270,????,O,
270,??,O,
270,????,O,
270,???????,O,
270,??,O,
270,??,O,
270,????????????,O,
270,?,O,
271,?????????,O,
271,",",O,
271,????????,O,
271,",",O,
271,?????,O,
271,?????,O,
271,",",O,
271,??????,O,
271,??????,O,
271,???????,O,
271,?????????,O,
271,????????????,O,
271,????,O,
271,???????,O,
271,?,O,
272,?????????,O,
272,????????????,O,
272,??????,O,
272,???,O,
272,??????,O,
272,???,O,
272,???,O,
272,??,O,
272,???,O,
272,????,O,
272,?????,O,
272,?????,O,
272,?,O,
273,???,O,
273,????????????,O,
273,?????????,O,
273,?????????,O,
273,???????,O,
273,?,O,
273,????????,O,
273,???????,O,
273,???,O,
273,????,O,
273,?,O,
274,?????????,O,
274,",",O,
274,????????,O,
274,",",O,
274,?????,O,
274,?????,O,
274,",",O,
274,??????,O,
274,?????,O,
274,",",O,
274,???????,O,
274,?????????,O,
274,????????????,O,
274,????,O,
274,???????,O,
274,?,O,
275,????????????????,O,
275,????,O,
275,???,O,
275,???????????,O,
275,????,O,
275,????????,O,
275,",",O,
275,????,O,
275,?????????,O,
275,?????,O,
275,????,O,
275,???,O,
275,????,O,
275,?,O,
276,??,O,
276,???????,O,
276,?????????,O,
276,???????,O,
276,???,O,
276,????,O,
276,??????,O,
276,????????????,O,
276,???????,O,
276,????????,O,
276,???,O,
276,?,O,
277,??????,O,
277,?????,O,
277,?????,O,
277,???,O,
277,",",O,
277,??,O,
277,???????,O,
277,?,O,
277,?????,O,
277,??,O,
277,?,O,
277,?????,O,
277,???????????,O,
277,????,O,
277,????????????,O,
277,??????,O,
277,????,O,
277,??,O,
277,?,O,
278,??,O,
278,?????,O,
278,??,O,
278,??????,O,
278,????,O,
278,????????,O,
278,???,O,
278,????,O,
278,???,O,
278,???,O,
278,???????,O,
278,????????????,O,
278,?????,O,
278,????,O,
278,????,O,
278,?,O,
279,???????,O,
279,????????,O,
279,????,O,
279,??,O,
279,???,O,
279,????????,O,
279,????????????,O,
279,?????,O,
279,????,O,
279,?,O,
280,????,O,
280,????????????,O,
280,?????,O,
280,????,O,
280,??,O,
280,",",O,
280,????,O,
280,????,O,
280,?????,O,
280,?,O,
280,???????,O,
280,????????,O,
280,??????,O,
280,?????,O,
280,????,O,
280,?,O,
281,?????,O,
281,??,O,
281,?????,O,
281,???,O,
281,????,O,
281,??????,O,
281,????,O,
281,???,O,
281,????,O,
281,???????????,O,
281,????,O,
281,????,O,
281,??,O,
281,????,O,
281,???,O,
281,????,O,
281,?????????,O,
281,(,O,
281,?????????,O,
281,),O,
281,????,O,
281,????,O,
281,????,O,
281,?,O,
282,???????????,O,
282,?????????,O,
282,???????,O,
282,????,O,
282,?????????????,O,
282,????????????,O,
282,????,O,
282,?????????,O,
282,???????,O,
282,??????,O,
282,???????????,O,
282,????????,O,
282,??,O,
282,????????,O,
282,??????????,O,
282,????????-,O,
282,??,O,
282,???,O,
282,????????,O,
282,?????????,O,
282,????,O,
282,????,O,
282,????,O,
282,?,O,
283,???????,O,
283,???????,O,
283,???,O,
283,????,O,
283,??????,O,
283,????????,O,
283,???,O,
283,????????,O,
283,??,O,
283,???????,O,
283,?,O,
284,????,O,
284,?????,O,
284,?,O,
284,???????,O,
284,????,O,
284,??,O,
284,????,O,
284,???,O,
284,????,O,
284,???????,O,
284,????????,O,
284,??,O,
284,?,O,
285,???????,O,
285,??,O,
285,???????,O,
285,????????,O,
285,????,O,
285,?????,O,
285,???????,O,
285,?????,O,
285,???????,O,
285,????????,O,
285,????,O,
285,?????,O,
285,???????,O,
285,????,O,
285,???,O,
285,??,O,
285,",",O,
285,?????,O,
285,????,O,
285,?,O,
285,????,O,
285,????????????,O,
285,??????,O,
285,????,O,
285,?,O,
286,???????,O,
286,?????,O,
286,?????,O,
286,???????,O,
286,????,O,
286,??????,O,
286,?????????,O,
286,??????,O,
286,?,O,
286,?????,O,
286,???????????,O,
286,?????,O,
286,?,O,
287,???,O,
287,?????????,O,
287,???????,O,
287,????,O,
287,??????,O,
287,????????????,O,
287,?????????????,O,
287,??????????,O,
287,???????,O,
287,??????,O,
287,???,O,
287,???,O,
287,??????,O,
287,????????????,O,
287,???????,O,
287,????,O,
287,?,O,
288,????,O,
288,??????,O,
288,?????,O,
288,???,O,
288,???????,O,
288,???????,O,
288,?????,O,
288,??????,O,
288,?????,O,
288,???,O,
288,???????,O,
288,????-,O,
288,????,O,
288,",",O,
288,?????,O,
288,",",O,
288,????,O,
288,",",O,
288,?????,O,
288,?????,O,
288,",",O,
288,????,O,
288,",",O,
288,??????,O,
288,?????,O,
288,?????,O,
288,–,O,
288,??????,O,
288,",",O,
288,?????????,O,
288,???????,O,
288,",",O,
288,????,O,
288,???????,O,
288,",",O,
288,??????,O,
288,",",O,
288,??????,O,
288,",",O,
288,?????,O,
288,???,O,
288,???????,O,
288,????,O,
288,???????,O,
288,?,O,
289,????????,O,
289,????????????,O,
289,????,O,
289,???????,O,
289,??????,O,
289,???,O,
289,?,O,
290,??????,O,
290,??????,O,
290,???????,O,
290,?????,O,
290,?????????,O,
290,???????????,O,
290,???,O,
290,?,O,
291,????,O,
291,????????????,O,
291,?????????,O,
291,????????,O,
291,????,O,
291,??????,O,
291,??????,O,
291,?,O,
291,????,O,
291,?,O,
292,?????,O,
292,????????,O,
292,?????????,O,
292,???,O,
292,????,O,
292,????,O,
292,????????,O,
292,????,O,
292,?,O,
